Type,Name,Request Count,Failure Count,Median Response Time,Average Response Time,Min Response Time,Max Response Time,Average Content Size,Requests/s,Failures/s,50%,66%,75%,80%,90%,95%,98%,99%,99.9%,99.99%,100%
GET,/api/v1/agents,2191,0,26,154.01129406663372,9.340300006442703,2142.9198999976506,1928.0,12.234168630687744,0.0,26,46,87,130,430,1100,1400,1500,2100,2100,2100
POST,/api/v1/consume,4354,0,17,140.98127641250932,4.912599993986078,2444.4402000081027,106.9184657785944,24.311990058427405,0.0,17,33,63,110,400,1000,1400,1600,2100,2400,2400
GET,/health,6429,0,13,102.65107531500459,3.533299997798167,1862.976600008551,90.0,35.89843456261593,0.0,13,24,50,86,260,710,1100,1300,1700,1900,1900
,Aggregated,12974,0,17,124.18799028828701,3.533299997798167,2444.4402000081027,406.07222136580856,72.44459325173108,0.0,17,31,60,99,330,850,1300,1500,2000,2200,2400
