Type,Name,Request Count,Failure Count,Median Response Time,Average Response Time,Min Response Time,Max Response Time,Average Content Size,Requests/s,Failures/s,50%,66%,75%,80%,90%,95%,98%,99%,99.9%,99.99%,100%
GET,/api/v1/agents,287,0,15,33.62872195044753,10.015699997893535,1220.184199992218,1928.0,2.4153754373597587,0.0,15,19,24,29,55,92,160,290,1200,1200,1200
POST,/api/v1/consume,610,0,9,22.33293016374848,4.818699992028996,1071.9109999918146,106.90819672131147,5.133724797175794,0.0,9,10,12,14,30,81,180,300,1100,1100,1100
GET,/health,975,0,7,14.399052102459022,3.716500010341406,479.1387999866856,90.0,8.205543733190817,0.0,7,8,9,11,18,46,91,150,480,480,480
,Aggregated,1872,0,8,19.932482051048375,3.716500010341406,1220.184199992218,377.29700854700855,15.75464396772637,0.0,8,11,13,15,29,68,140,230,1100,1200,1200
